elapsed_sec,rss_kb,jemalloc_allocated_bytes,jemalloc_active_bytes,jemalloc_resident_bytes,jemalloc_mapped_bytes
0.000,5088,680256,761856,5627904,9150464
0.501,231576,225030184,225271808,235634688,239951872
1.001,461832,454673072,454889472,470933504,477958144
1.502,691832,684127584,684343296,708112384,717897728
2.002,931296,923325928,923537408,952840192,957091840
2.503,1164616,1156146944,1156395008,1191309312,1202532352
3.003,1394976,1385975352,1386192896,1426739200,1432330240
3.503,2006160,1995572520,1999257600,2059083776,2091532288
4.004,2897988,2885646568,2890100736,2972229632,3041103872
4.505,3377520,3313201360,3366232064,3463176192,3518513152
5.005,3670764,3575547688,3656200192,3763494912,3811520512
5.505,4306996,4201914280,4291276800,4416589824,4447576064
6.006,5129856,5023763864,5113696256,5257863168,5282578432
6.506,5569840,5433111592,5551431680,5709017088,5796646912
7.007,5699656,5525215984,5678194688,5841395712,5925261312
7.508,5845060,5644109680,5821779968,5989699584,6069342208
8.008,6064692,5840661952,6039773184,6216339456,6304210944
8.508,6276232,6029902328,6248722432,6432505856,6514061312
9.009,7015820,6777615544,6988333056,7191068672,7253221376
9.510,7437860,7186795616,7409324032,7621574656,7673622528
10.010,7559424,7287965704,7530315776,7745691648,7794151424
10.510,7678428,7387600160,7648747520,7867260928,7912214528
11.011,7799952,7494537496,7770050560,7991992320,8033304576
11.512,7979680,7662409200,7948947456,8175443968,8219643904
12.012,8169556,7840196128,8138043392,8371576832,8424738816
12.513,8369896,8031634776,8337215488,8576188416,8640122880
13.013,9048568,8721615896,9016455168,9273114624,9394450432
13.514,9455304,9120616640,9422184448,9687937024,9799581696
14.016,9562244,9216895464,9527992320,9797050368,9905496064
14.516,9666880,9309943360,9631838208,9903878144,10009206784
15.017,9772656,9407680808,9737003008,10012053504,10114203648
15.517,9875128,9499825312,9838350336,10116763648,10215772160
16.018,10040040,9655065424,10001707008,10285326336,10379292672
16.518,10208732,9815168888,10169192448,10459971584,10546675712
17.019,10382424,9979801608,10341556224,10637373440,10718789632
17.520,10570368,10163981056,10527940608,10829840384,10905571328
18.021,11244280,10849614744,11202883584,11522727936,11580489728
18.521,11628916,11225165488,11585896448,11914498048,11963060224
19.022,11730652,11319748616,11686244352,12018143232,12063633408
19.522,11829432,11410933800,11783925760,12118880256,12161368064
20.023,11931416,11506206016,11885031424,12222910464,12262342656
20.523,12030304,11596539448,11982934016,12323766272,12381196288
21.024,12140940,11699526632,12092870656,12439068672,12491124736
21.524,12308384,11858471744,12258492416,12609957888,12656959488
22.025,12479972,12020628912,12428328960,12785057792,12837384192
22.525,12652020,12187275832,12599025664,12961067008,13008248832
23.026,12825648,12354461048,12771430400,13138608128,13212004352
23.527,12888296,12412637032,12831166464,13200478208,13292904448
24.027,12888296,12412637032,12831166464,13200478208,13292904448
24.528,12887364,12412524456,12831035392,13199466496,13291892736
